time,test_id,step,saw,direction,start_delay_s,end_by_eye,stopped_by_remote,notes
2026-10-06T20:12:31.696629+00:00,STOP-WHILE-MOVING,live-1,it stopped,up,,stopped partway; read 71,no,"go-to lift 20 from lift 84, then Stop 3 s after the go-to's reply; the shade halted short of 20; pushed report 0x0008 = 71 about 1 s after the Stop; the motor honours the forwarded Stop; owner present; driven via the Home Assistant API; observation as relayed by the coordinator"
2026-10-06T20:17:23.310831+00:00,CMD-UP-OPEN-RAW-DIRECTION,live-2a,it went all the way up,up,,top,no,raw Up/Open from lift 71; plan ID CMD-UP-OPEN-DIRECTION (the log's test_id is CMD-UP-OPEN-RAW-DIRECTION); a Stop call meant for this move was refused for bad fields and sent nothing; owner present; driven via the Home Assistant API; observation as relayed by the coordinator
2026-10-06T20:17:50.929866+00:00,CMD-UP-OPEN-RAW-DIRECTION,live-2b,shade already at the top,none,,top,no,Stop sent after the shade had reached the top; SUCCESS then 0x81; owner present; driven via the Home Assistant API; observation as relayed by the coordinator
2026-10-06T20:26:21.587787+00:00,POS-READ-DURING-TRAVEL,live-3,it stopped halfway,down,,halfway (lift 50),no,"go-to lift 50 from lift 0; plan ID POS-DURING-TRAVEL (the log's test_id is POS-READ-DURING-TRAVEL); Home Assistant's reads stayed at 0 until about 16 s after the go-to, then 50; no 0x0008 report in this call; owner present; driven via the Home Assistant API; observation as relayed by the coordinator"
2026-10-06T20:31:28.900449+00:00,STOP-JUST-AFTER-START,B12,not observed — owner not watching; sent without confirmation; to be repeated,,,,,"log: go-to lift 30 from lift 50, Stop 0.5 s after the go-to's reply; reads 44 throughout the watch; pushed report 0x0008 = 44; PROCEDURE VIOLATION: sent through the Home Assistant API by the coordinating agent without the owner's confirmation that they were watching (plan §2 rule 3); no owner observation; to be repeated with the owner as B12-r"
2026-10-06T20:32:36.050183+00:00,CMD-DUPLICATE-GOTO,B13b,not observed — owner not watching; sent without confirmation; to be repeated,,,,,"log: go-to lift 30 twice, 2.5 s apart, from lift 44; reads 44 then 30; pushed report 0x0008 = 30; PROCEDURE VIOLATION: sent through the Home Assistant API by the coordinating agent without the owner's confirmation that they were watching (plan §2 rule 3); no owner observation; to be repeated with the owner as B13b-r"
2026-10-06T20:34:08.715810+00:00,CMD-NEW-GOTO-WHILE-MOVING,B14b,not observed — owner not watching; sent without confirmation; to be repeated,,,,,"log: go-to lift 70, then go-to lift 40 4 s later, from lift 30; reads 47 then 40; pushed reports 0x0008 = 47 then 40; battery 0x0021 reported 76 then 84; PROCEDURE VIOLATION: sent through the Home Assistant API by the coordinating agent without the owner's confirmation that they were watching (plan §2 rule 3); no owner observation; to be repeated with the owner as B14b-r"
2026-10-06T20:52:40.399636+00:00,RADIO-FIRST-FRAME-FATE,B16-r1,moved down a little and stopped,down,within a few seconds (owner perception; includes the coordinator's command latency),stopped at lift 60,no,"go-to lift 60 from lift 40 after about 17 min with nothing sent (bench idle_before_s 1048); SUCCESS then 0x81; reads 40 until about 10 s, then 60; pushed report 0x0008 = 60 at about 7 s; executed at the first frame; owner present and confirming; driven via the Home Assistant API; observation as relayed by the coordinator"
2026-10-06T21:00:02.424428+00:00,STOP-JUST-AFTER-START,B12-r,it stopped quickly,up,,stopped partway; read 54,no,repeat of B12 with the owner watching: go-to lift 30 from lift 60; Stop 0.5 s after the go-to's reply; go-to and Stop each SUCCESS then 0x81; pushed report 0x0008 = 54; reads 54 throughout; owner present and confirming; driven via the Home Assistant API; observation as relayed by the coordinator
2026-10-06T21:01:06.232498+00:00,CMD-DUPLICATE-GOTO,B13b-r,it moved up,up,,lift 50,no,"go-to lift 50 twice, 2.5 s apart; short move that arrived (report 0x0008 = 50 at about 2.8 s) before the second send, so inconclusive for duplicates; owner present and confirming; driven via the Home Assistant API; observation as relayed by the coordinator"
2026-10-06T21:02:33.550390+00:00,CMD-DUPLICATE-GOTO,B13b-r2,it went all the way up to 10 with no stutter,up,,lift 10,no,"go-to lift 10 twice from lift 50, the second 2.5 s later while moving; each SUCCESS then 0x81; reads 50 until about 9 s, then 10; arrival report 0x0008 = 10 at about 12 s; owner present and confirming; driven via the Home Assistant API; observation as relayed by the coordinator"
2026-10-06T21:04:13.910410+00:00,CMD-NEW-GOTO-WHILE-MOVING,B14b-r,it didn't reverse because it had not made it past 40 yet,down,,lift 40,no,"go-to lift 70 from lift 10, then go-to lift 40 4 s later; each SUCCESS then 0x81; pushed report 0x0008 = 27 at the retarget, 40 at arrival; owner present and confirming; driven via the Home Assistant API; observation as relayed by the coordinator"
2026-10-06T21:07:02.559120+00:00,CMD-NEW-GOTO-WHILE-MOVING,B14b-r2,it reversed,down then up,,lift 40,no,"go-to lift 70 from lift 40, then go-to lift 40 8 s later; each SUCCESS then 0x81; pushed report 0x0008 = 70 at the retarget, 40 at arrival; owner present and confirming; driven via the Home Assistant API; observation as relayed by the coordinator"
,LIMIT-ZIGBEE-IGNORES-STOP,L0-remote,it stopped there (the correct stop),down,,the remote-programmed lower limit,no,"before L1-up, time not recorded: the owner pressed the remote's DOWN; the shade stopped at its remote-set stop and reported 100; Home Assistant's cover showed 0 (closed), updated right after the remote move; an owner observation with the remote, outside the bench log (nothing sent through the Home Assistant API); as relayed by the coordinator"
2026-10-06T21:30:27.281226+00:00,LIMIT-ZIGBEE-IGNORES-STOP,L1-up,"not observed: owner not watching (""wasn't paying attention"")",,,,,"log: go-to lift 50 from lift 100; reads 100 until about 15 s, then 50; no owner observation; driven via the Home Assistant API; as relayed by the coordinator"
2026-10-06T21:31:01.590496+00:00,LIMIT-ZIGBEE-IGNORES-STOP,L1-down,"not observed: owner not watching; afterwards ""it is currently at its stop position, 100""",,,at the stop (seen afterwards),,"log: go-to lift 100 from lift 50; reads 100 from about 15 s; pushed report 0x0008 = 100; the owner did not watch the move, only the end state; driven via the Home Assistant API; as relayed by the coordinator"
2026-10-06T21:34:17.704528+00:00,LIMIT-ZIGBEE-IGNORES-STOP,L2-up,it's at 50,up,,lift 50,no,go-to lift 50 from lift 100; pushed report 0x0008 = 50; owner present and confirming; driven via the Home Assistant API; observation as relayed by the coordinator
2026-10-06T21:35:02.524609+00:00,LIMIT-ZIGBEE-IGNORES-STOP,L2-down,it's at 100; it is correct,down,,"the remote-set stop: same height, no overrun",no,go-to lift 100 from lift 50; pushed report 0x0008 = 100; the owner confirmed the shade stopped at the same height as the remote stop; owner present and confirming; driven via the Home Assistant API; observation as relayed by the coordinator
2026-10-06T21:36:41.810687+00:00,LIMIT-ZIGBEE-IGNORES-STOP,L3-up,50,up,,lift 50,no,go-to lift 50 from lift 100; pushed report 0x0008 = 50; owner present and confirming; driven via the Home Assistant API; observation as relayed by the coordinator
2026-10-06T21:37:18.239964+00:00,LIMIT-ZIGBEE-IGNORES-STOP,L3-close,it is at correct 100%,down,,the remote-set stop,no,raw down_close (0x01) from lift 50; SUCCESS then 0x81; pushed report 0x0008 = 100; raw down_close lowers and stops at the remote-set stop; owner present and confirming; driven via the Home Assistant API; observation as relayed by the coordinator
,LIMIT-ZIGBEE-IGNORES-STOP,G1-guest,it went up and down and it stopped at the right place,up; down,,the right place,no,"guest blackout, not the Office Shade; time not recorded; not in the bench log. The owner first checked with the remote that the guest blackout and guest sunshade both stop at the right place, then used Home Assistant's cover card (v18 quirk installed). Home Assistant showed 'Failed to perform the action cover/open_cover … accepted no frame and did not move after 3 attempts' although the shade moved: the v18 quirk's stale-read bug (#51). The IEEE in that error toast is 70:d0:7e:ff:fe:a0:00:0c; owner present; observation as relayed by the coordinator"
